﻿<?xml version="1.0" encoding="utf-8"?><Header><DataFlow>AQX</DataFlow><ServiceName>特殊性工業區即時監測值資料檔 (氣象監測項目)</ServiceName><SecurityToken>97B57290B979945C8CF04FC8AC9E9C9E9E84F46EF26DC9BFB0</SecurityToken><MailAddress>ilovecdx@hotmail.com</MailAddress><ExchangeXml>AQX_P_267_0923011_epaaqdss.xml</ExchangeXml><TransactionId>AQX_20160923_0000006958</TransactionId><IsApproved /><Parameters>account=epaaqdss</Parameters><Status /><SenderAccount>epaaqdss</SenderAccount><ReceiverAccount /></Header>