﻿<?xml version="1.0" encoding="utf-8"?><Header><DataFlow>AQX</DataFlow><ServiceName>特殊性工業區即時監測值資料檔 (一般空氣污染物)</ServiceName><SecurityToken>35D31032DB1FCA6A9E82FC66C2B0AE8C8CEA5DC6AA929082F2</SecurityToken><MailAddress>ilovecdx@hotmail.com</MailAddress><ExchangeXml>AQX_P_268_0923011_epaaqdss.xml</ExchangeXml><TransactionId>AQX_20160923_0000006984</TransactionId><IsApproved /><Parameters>account=epaaqdss</Parameters><Status /><SenderAccount>epaaqdss</SenderAccount><ReceiverAccount /></Header>